{
  "noise": {
    "0": {
      "noisy": 1.0,
      "enhanced": 6.000000000000003,
      "robust": 23.0
    },
    "-5": {
      "noisy": 2.000000000000001,
      "enhanced": 4.000000000000002,
      "robust": 31.000000000000007
    },
    "-10": {
      "noisy": 11.0,
      "enhanced": 7.999999999999999,
      "robust": 30.000000000000004
    },
    "-15": {
      "noisy": 28.000000000000004,
      "enhanced": 20.0,
      "robust": 48.0
    },
    "-20": {
      "noisy": 35.0,
      "enhanced": 28.000000000000004,
      "robust": 40.0
    }
  },
  "music": {
    "0": {
      "noisy": 2.000000000000001,
      "enhanced": 3.000000000000001,
      "robust": 21.999999999999996
    },
    "-5": {
      "noisy": 5.000000000000002,
      "enhanced": 2.0,
      "robust": 34.0
    },
    "-10": {
      "noisy": 16.000000000000004,
      "enhanced": 9.0,
      "robust": 42.00000000000001
    },
    "-15": {
      "noisy": 28.000000000000004,
      "enhanced": 14.000000000000002,
      "robust": 34.0
    },
    "-20": {
      "noisy": 40.0,
      "enhanced": 35.0,
      "robust": 39.0
    }
  },
  "speech": {
    "0": {
      "noisy": 12.0,
      "enhanced": 10.0,
      "robust": 38.0
    },
    "-5": {
      "noisy": 42.00000000000001,
      "enhanced": 37.0,
      "robust": 47.0
    },
    "-10": {
      "noisy": 42.99999999999999,
      "enhanced": 32.99999999999999,
      "robust": 38.0
    },
    "-15": {
      "noisy": 52.0,
      "enhanced": 53.0,
      "robust": 41.0
    },
    "-20": {
      "noisy": 47.0,
      "enhanced": 43.99999999999999,
      "robust": 40.0
    }
  }
}