{
  "noise": {
    "0": {
      "noisy": 1.6000000000000008,
      "enhanced": 4.600000000000002,
      "robust": 5.700000000000002
    },
    "-5": {
      "noisy": 5.200000000000002,
      "enhanced": 8.699999999999998,
      "robust": 9.899999999999999
    },
    "-10": {
      "noisy": 10.499999999999998,
      "enhanced": 13.5,
      "robust": 12.7
    },
    "-15": {
      "noisy": 20.999999999999996,
      "enhanced": 21.4,
      "robust": 23.0
    },
    "-20": {
      "noisy": 29.200000000000003,
      "enhanced": 29.100000000000005,
      "robust": 28.300000000000004
    }
  },
  "music": {
    "0": {
      "noisy": 1.6000000000000008,
      "enhanced": 4.500000000000002,
      "robust": 5.200000000000002
    },
    "-5": {
      "noisy": 5.000000000000003,
      "enhanced": 5.600000000000002,
      "robust": 9.299999999999999
    },
    "-10": {
      "noisy": 13.5,
      "enhanced": 11.799999999999999,
      "robust": 14.700000000000003
    },
    "-15": {
      "noisy": 27.3,
      "enhanced": 21.299999999999997,
      "robust": 22.4
    },
    "-20": {
      "noisy": 39.5,
      "enhanced": 31.599999999999994,
      "robust": 35.0
    }
  },
  "speech": {
    "0": {
      "noisy": 14.400000000000002,
      "enhanced": 15.600000000000003,
      "robust": 17.000000000000004
    },
    "-5": {
      "noisy": 31.400000000000006,
      "enhanced": 33.4,
      "robust": 31.200000000000006
    },
    "-10": {
      "noisy": 44.49999999999999,
      "enhanced": 43.50000000000001,
      "robust": 41.6
    },
    "-15": {
      "noisy": 48.0,
      "enhanced": 44.39999999999999,
      "robust": 45.3
    },
    "-20": {
      "noisy": 48.6,
      "enhanced": 46.199999999999996,
      "robust": 50.0
    }
  }
}