{
  "noise": {
    "0": {
      "noisy": 1.0,
      "enhanced": 28.000000000000004,
      "robust": 26.0
    },
    "-5": {
      "noisy": 7.0000000000000036,
      "enhanced": 38.0,
      "robust": 37.0
    },
    "-10": {
      "noisy": 15.0,
      "enhanced": 36.0,
      "robust": 40.0
    },
    "-15": {
      "noisy": 28.000000000000004,
      "enhanced": 41.0,
      "robust": 42.00000000000001
    },
    "-20": {
      "noisy": 39.0,
      "enhanced": 39.0,
      "robust": 34.0
    }
  },
  "music": {
    "0": {
      "noisy": 1.0,
      "enhanced": 37.0,
      "robust": 35.0
    },
    "-5": {
      "noisy": 4.000000000000002,
      "enhanced": 28.000000000000004,
      "robust": 39.0
    },
    "-10": {
      "noisy": 13.0,
      "enhanced": 29.000000000000004,
      "robust": 39.0
    },
    "-15": {
      "noisy": 21.999999999999996,
      "enhanced": 43.99999999999999,
      "robust": 39.0
    },
    "-20": {
      "noisy": 42.00000000000001,
      "enhanced": 42.00000000000001,
      "robust": 46.0
    }
  },
  "speech": {
    "0": {
      "noisy": 12.0,
      "enhanced": 46.0,
      "robust": 43.99999999999999
    },
    "-5": {
      "noisy": 31.000000000000007,
      "enhanced": 43.99999999999999,
      "robust": 31.000000000000007
    },
    "-10": {
      "noisy": 46.0,
      "enhanced": 52.0,
      "robust": 59.00000000000001
    },
    "-15": {
      "noisy": 48.0,
      "enhanced": 44.99999999999999,
      "robust": 57.00000000000001
    },
    "-20": {
      "noisy": 51.0,
      "enhanced": 54.0,
      "robust": 51.0
    }
  }
}